folic acid suicide attempt intentional self harm	train
alzheimer drug show promise early result study	train
common drug fight obesity diabete scientist medical research guardian	train
exercise body fat lately	train
abandon human cost neurotechnology failure maker electronic implant abandon project people rely device lose	train
new doctor shun infectious disease specialty	train
neurontin court case find manufacturer mislead drs drug efficacy neuropathic pain biopolar disorder migraine relevant today	train
medical student worry train state enact abortion restriction	train
maternal mortality review find pregnancy relate death preventable	train
news child tigray face acute malnutrition million need aid remain far adequate	train
research link common sweetener anxiety	train
sleep important heart health diet physical activity research find	train
insulin cost cap people diabete will benefit	train
new drug show promise fight covid cancer new study grp protein implicate covid multiple type cancer new drug interfere effect	train
gut epithelial barrier damage cause dishwasher detergent rinse aid	train
planting tree save life study show	train
fire dutch medical device maker philip say wednesday extensive testing recalled respirator device show safety limit use final verdict rest global regulatory authority	train
life expectancy low year	train
sugar chronic toxin podcast endocrinologist robert lustig explain believe sugar fructose particular problem explain science body cause fatty liver disease accelerate age process drive sugar addiction	train
commercial toilet emit energetic rapidly spread aerosol plume	train
new study find middle aged adult eat ultra processed food see brain decline cent quick eat	train
fcc shield cellphone company safety concern wireless industry roll thousand new transmitter amid grow body research call cellphone safety question federal regulator worry rely standard	train
gosh patient receive world treatment incurable cell leukaemia	train
flu vaccine appear good match circulate strain cdc say	train
china say impossible track exact number covid case zero covid	train
miss eating truth weight loss drug make food repulsive food guardian	train
pentagon pay service member travel state line access abortion	train
high blood pressure speed mental decline fully explain dementia disparity	train
fcc shield cellphone company safety concern	train
food insecurity drive woman africa sex work increase hiv risk	train
carry execution take secret toll worker change politic	train
new rsv vaccine data raise hope availability fall	train
gates foundation pledge eradicate polio struggle decade	train
black death year ago affect health	train
sperm count worldwide plunge year israeli lead study find	train
pfizer reject moderna claim copy covid vaccine accuse rival rewrite history	train
polio remerge new york time decade silently spread leave patient paralyze	train
good source protein body	train
covid vaccine belong cdc list kid schedule vaccine	train
work home put health wellbeing risk	train
cdc fda investigate multistate coli outbreak link frozen falafel	train
ignore world baby girl yaqeen die inadequate health care besiege rukban camp	train
horse breeder launch world large vaccine manufacturer	train
flesh eat bacteria rise florida follow hurricane ian	train
child crisis georgia mental health system fail kid	train
china rush bolster healthcare amid covid spike overwhelming hospital	train
evidence suggest pandemic come nature lab panel say	train
patient come need life save treatment watch die	train
drug overdose death soar milwaukee county consider use opioid settlement fund	train
accidentally pop pimple near triangle death	train
bad pediatric care crisis decade	train
new transparent tool help detect blood poisoning	train
step day help premature death bay	train
efficacy datum bivalent booster show work infection	train
canadian switch plant base diet new year	train
highly immune evasive omicron xbb variant quickly dominant double weekly	train
foster kid need mental health care new mexico put homeless shelter	train
watch rapidly turn absolute chaos inside deepen dysfunction north star psychiatric hospital worker understaffing decision management push private psychiatric hospital alaska serve child brink disaster	train
ebola case detect uganda east outbreak spread	train
good evidence lower blood pressure prevent dementia	train
lab grow blood give people world clinical trial bbc news	train
rate alcohol relate death rise year covid	train
new omicron subvariant spread china know far	train
alcohol death toll grow government report	train
new study find decline overall breast cancer death	train
listeria outbreak link cheese sell safeway food grocery chain	train
common drug shortage right	train
sharon stone reveal doctor find large tumor misdiagnosis	train
omicron keep find new evolutionary trick outsmart immunity	train
baby tigray die time pre war level study say	train
story investigation wisconsin year old fetal protection statute	train
evidence mount new concern fracke health	train
cigarette era increase number youth cigarette smoker million nationally representative study middle high school student	train
effect cheese intake cardiovascular disease cardiovascular biomarker	train
gossypetin find hibiscus beat alzheimer disease	train
worker battle cancer government admit limit deadly chemical high	train
hunt male contraceptive scientist look stop sperm track	train
children hospital fill amid early surge respiratory infection time flu shot covid booster expert advise	train
fatphobia brazil woman fight prejudice	train
half pill help recover soon cough	train
covid drug paxlovid hail game changer happen	train
adhd drug negatively affect bone density	train
ontario mom son nearly lifeless hospital rsv want know warning sign cbc news	train
humanity ask helpless doctor ethiopia embattle tigray region	train
china expert say covid spread rapidly rule ease	train
truth liver man criticism vegetable leafy green	train
new label law unintended effect sesame food	train
vaccine administer orally intravenously intravenously time antibiotic administer intravenously orally need click link	train
scientist create chemical compound reverse effect potentially deadly drug	train
california thursday announce lawsuit manufacturer call forever chemical accuse company deceive public endanger public health	train
china move away zero covid health expert warn dark day ahead	train
health care long covid link thousand death	train
ebola outbreak uganda worried researcher	train
climate change link spread virus like monkeypox expert	train
ketamine alcoholic trial stage	train
nano robot antibodie fight cancer enter human drug trial	train
charles drew univ launch program newsom announce covid emergency end	train
covid link increase pregnancy relate death	train
polish government encourage few birth section	train
hospital rake high profit patient load medical debt	train
rural america deadly cost opioid outweigh dollar tag address	train
million risk lose health insurance end covid public health emergency january	train
study find direct evidence link low serotonin depression depression guardian	train
recent trend squamous cell carcinoma anus incidence mortality united states	train
bmi faulty measure overall health	train
exposure environmental toxin root rise neurological disorder	train
short amoxicillin tamiflu amid surge rsv flu	train
truck motor oil fume mattress	train
ideal penis size rise fine art change accelerate study show	train
green tea extract harm liver people certain genetic variation	train
akron city ohio ban conversion therapy child ordinance immediately outlaw discredit practice child city come week cleveland enact similar ban	train
heavy metal find dark chocolate include hershey trader joe	train
florida nursing pipeline break nurse fail exam pass rate national licensing exam low nation dire implication health care	train
unravel cause pandemic prepare	train
million bendy body disease daughter medical profession pay attention	train
wisconsin regulator ahead groundwater pfas rule	train
ethiopia civil war patient doom die tigray blockade	train
microplastic holiday dinner study	train
prenatal acetaminophen use link sleep attention problem preschooler	train
cereal long claim healthy label fda rule	train
poliovirus paralyze unvaccinated man july spread sewage sample recent october test positive virus	train
study link omega improve brain structure cognition midlife	train
biden administration seek expand mental health care	train
play piano boost brain processing power help lift blue study	train
malaria potentially spread country typically endemic	train
texas school student teen mother	train
strong indication filter cigarette sale netherlands break official limit tar nicotine carbon monoxide judge rotterdam say friday	train
child stillborn week blame system listen mother	train
ohio measles outbreak hit partially vaccinate kid baby young shot child get shot eligible second	train
lose year worth progress life expectancy	train
degradative effect nattokinase spike protein sars cov	train
commercial dishwasher destroy protective layer gut study find	train
experimental cancer vaccine show promise animal study	train
diabete kid young people project dramatically surge prevent	train
remote worker convert commute time extra sleep exercise time family federal datum	train
fauci warning america live progressively anti science era dangerous thing	train
fda approve expensive drug million dose gene therapy hemophilia	train
cholera vaccine shortage force reduce advise dosage amid rise cholera outbreak global vaccine shortage worldwide announce temporary shift recommend dose instead standard dose regimen	train
long covid financial devastation credit card debt ruin retirement plan	train
man jail custody undergo emergency procedure thanksgiving family hear	train
opinion epidemiologist daughter rsv case shake	train
hershey sue new york man unsafe level metal chocolate	train
mother nature scream adopt new diet agreement nearly country help identify flaw produce food	train
hope lyme disease new vaccine target tick	train
sperm count decline globally review find add debate male fertility	train
scientist finally know people cold flu winter outside time summer	train
apple watch provide reliable blood oxygen saturation value compare medical grade pulse oximeter	train
patient die fall street tigray run insulin day	train
black death survivor give descendant genetic edge	train
bad hospital aftershock year	train
mrna vaccine transform fight ebola	train
race time sick patient ethiopia peace deal	train
aerobic exercise reduce risk metastatic cancer research find	train
toddler stop naps brain ready study find	train
narcan require california school youth fentanyl overdose	train
fda approve omicron specific booster kid young	train
covid send angeleno stress hospital	train
finally fade sublineage rise variant stew	train
fauci reply musk twitter attack pay attention waste minute worry	train
senior urge extra strength flu vaccine season	train
ready state limit teen access abortion	train
astounding impact reach long covid number chart long covid	train
long covid study late long covid research glance	train
fasting mimic diet reduce sign dementia mouse	train
getting rid old cell help people live disease free long researcher investigate medicine selectively kill decrepit cell promote healthy aging	train
bacterial infection second lead cause death worldwide account death global estimate lethality reveal tuesday	train
reuters special report detransitioner crucial science gender care	train
ebola uganda woman central response	train
world face new threat fast mutate omicron variant	train
ethiopia civil war patient doom die tigray blockade	train
fast food fever ultra process meal unhealthy think upfs form briton calorie intake vegan beware include plant base meal food scientist learn make damaging	train
flu activity high continue decline christmas cdc data show cnn	train
debate possible acetaminophen autism link head court	train
right wing doctor group lead anti vaccine insurrectionist implode scandal	train
slow cognitive decline flavonol study say	train
antioxidant flavonol fruit tea wine link slow memory decline	train
macarthur genius grantee say drug price rebel kind	train
university limerick research demonstrate new method spinal cord tissue repair	train
study find potential link daily multivitamin improved cognition old adult	train
twitter stop police covid misinformation ceo elon musk reportedly restore suspend account	train
low level air pollution deadly previously think	train
lose count time tell lose weight model end quit zoë huxford	train
researcher crispr gene editing send immune cell cancer	train
long covid medical cost average month patient health system wanderer	train
late covid booster especially old adult	train
pediatric hospital bed amid surge respiratory illness	train
patient advocate fundraise herpe cure advocacy	train
hard gainer eat absorb	train
global health official worried lack transparency china covid outbreak	train
fairview south dakota base sanford health announce merger plan	train
monkeypox spread symptom appear study suggest	train
flu shot protect patient heart failure death	train
grow obesity crisis prompt cdc expand body mass index chart severely overweight kid	train
naked unashamed investigation application effect naturist activity body image self esteem life satisfaction	train
hhs price drug outpace inflation	train
europe approve dose drug protect baby rsv	train
clitoris reconstruction offer hope kenyan woman childhood mutilation	train
researcher san francisco engineer molecule act like cellular glue allow direct precise fashion cell bond discovery represent major step building tissue organ long seek goal regenerative medicine	train
play multidirectional sport young lead strong bone	train
xbb new covid strain drive case country worry scientist	train
lecanemab big drug fight alzheimer clinical test drug slow cognitive decline placebo	train
exercise modify fat tissue way improve health weight loss	train
covid overdose death drive life expectancy year low	train
grow obesity crisis prompt cdc expand body mass index chart severely overweight kid	train
china covid surge raise odd new coronavirus mutant	train
cell drive ongoing inflammation covid patient long term smell loss study	train
need drink litre water day new study say	train
western pennsylvania school test radon despite high level state	train
medicare keep spend covid testing fraud overspending partly medicare covid testing cost reach billion expert financial incentive lack regulation early pandemic lead fraud overspending	train
luxury detergent brand laundress tell customer stop product	train
hide audits reveal million overcharge medicare advantage plan	train
biontech new clinical trial herpe vaccine begin	train
israeli researcher improve chemotherapy treatment breast cancer patient	train
disappointment potential alzheimer drug fail roche trial alzheimer	train
long covid patient face battle try claim benefit workplace disability insurance	train
omega fatty acid particular dha associate increase attention score adolescent	train
great exercise activity tie severe covid outcome study show	train
poor hydration link early age chronic disease year study find	train
insomnia billion business sleep doctor think time new approach	train
southeast hit roof cdc respiratory illness level scale uptake flu shot lag year cdc say	train
rural american know addict opioid prescription painkiller abuse addict opioid prescription painkiller	train
long covid hair loss sexual dysfunction wide symptom study find	train
preliminary datum human organoid liver drug udca reduce sar cov infection	train
young mom terminal cancer doctor misdiagnose bone pain	train
citizen urge strictly follow preventive measure fight cholera outbreak	train
grief outrage gambia cough syrup death	train
twice republicans die covid midterm democrats author new study impact midterm plausible give stark difference vaccination rate democrats republicans	train
concern increase report severe covid case china	train
rich country help stop uganda ebola outbreak prevent global spread doctor cbc news	train
verify anti vax account proliferate twitter struggle police content	train
toxic air pollution particle find lung brain unborn baby	train
people addict opioid rarely life save medication change	train
woman die operating table ivf procedure rare event	train
drug delay type diabete approve fda	train
heat exhaustion percent new report compare percentage patient diagnose heat stress heat exhaustion heatstroke period	train
attract home caregiver california offer pay training self care	train
assist live facility press address grow need old sicker resident	train
omicron xbb subvariant threat booster knock antibody treatment study find	train
world stem cell treatment spina bifida deliver fetal surgery	train
unusual ebola strain kill uganda vaccine treatment available	train
cause alzheimer study put lead theory ultimate test	train
supreme court uphold california ban flavor tobacco	train
cdc issue new opioid prescribing guidance give doctor leeway treat pain	train
look like real deal inch close treatment alzheimer health	train
few abortion vasectomy procedure get popular	train
sleep hour few night risk multiple chronic disease study	train
plastic teabag release billion microparticle nanoparticle tea	train
urgency necessity epstein barr virus prophylactic vaccine npj vaccine	train
american kid eat junk food increase consumption ultra process junk food american child receive nutrient need thrive	train
man body wash laundry detergent reduce partner	train
home testing flu rsv	train
air pollution link million stillbirth year	train
training substantial age relate drop cardiovascular fitness max reduction training	train
currently tripledemic wear mask expert recommend	train
wake eye surgery gash forehead happen	train
cdc discuss oral polio vaccine time year stop new york outbreak	train
control dozen telehealth startup send sensitive health information big tech company	train
drug overdose death senior triple decade	train
public health leader question asbestos facility exempt surprise inspection	train
happen second time covid expert guarantee	train
drug trigger immune cell attack prostate cancer	train
ohio measles outbreak nearly triple expect month	train
death dilemma hospital overtreate patient near end	train
new disease warn fungal threat humanity	train
investigation hospital sue patient debt threaten credit	train
texas woman nearly lose life doctor legally perform abortion	train
spike respiratory illness child	train
antidepressant infection link neurodevelopmental disorder	train
rsv surge watch answer treatment option	train
eat grape help protect skin sunburn scientist claim	train
new data buoy hope promise malaria vaccine question remain	train
limit contact practice good way reduce head injury youth football study find	train
endgame visionary hospice movement profit hustle	train
military suicide drop leader push mental health program	train
arizona mom say struggle medicine son shortage	train
new omicron booster flu season push pharmacy worker limit booster release flu season decimate pharmacy help anymore	train
prescription poop fda approve fecal slurry unshakeable diarrhea	train
cost amylyx als drug revive pricing debate new med rare disease	train
monkeypox eradication unlikely virus spread indefinitely cdc say	train
bad diet cause cognitive decline fact myth	train
long covid public health disaster trillion economic impact rival great recession	train
cost baby year average	train
new test detect elusive sign alzheimer disease blood	train
tigray conflict health crisis million people world pay attention tedro	train
court abortion doctor charge arizona law	train
year old man quit sex develop rare post orgasmic illness syndrome cause rash cough ejaculate	train
radical new therapy parkinson use stem cell transplant	train
dose new drug cure sleeping sickness wipe	train
universal flu vaccine available year say scientist	train
plan parenthood announce plan mobile abortion clinic illinois provide service neighboring state	train
social medium trigger child dislike body say study	train
product large food firm consider unhealthy research show	train
covid infect reactivate virus dormant body year	train
neuroscientist share exercise stop stress anxiety minute	train
government lock medicine away secret warehouse	train
child stillborn week blame system listen mother year pregnancy result stillbirth tragedy inevitable stillbirth potentially preventable	train
scientist discover key reason long covid patient experience long term smell loss	train
new compound reverse gut inflammation act like master reset switch intestine	train
uganda report confirm case ebola great kampala region country health minister say monday seek assure anxious resident situation capital control	train
black tea improve heart health	train
scientist shine light come flush	train
hershey face lawsuit heavy metal dark chocolate bar	train
update covid booster shot reduce risk hospitalization cdc report	train
long covid distort labor market bad economy	train
america gun epidemic deadly vast disparity die cnn	train
air pollution link trajectory stroke	train
discovery explain woman likely alzheimer	train
china jinpe unwilling accept western covid vaccine say intelligence chief	train
teen obesity lose body weight trial repurposed diabetes drug	train
study link prenatal phthalate exposure reduce childhood lung function	train
health effect associate consumption unprocessed red meat burden proof study nature medicine	train
analysis tigray large hospital doom collapse soon lack medical supply doctor warn hospital death rate surpass percent	train
israel far right coalition raise spectre doctor refuse treatment religious ground	train
kare investigate jail death miss nurse broken contract profit medical company routinely fail staff jail way contract require take death anoka county act	train
cannabis use rest state functional connectivity age brain	train
covid vaccine trial monitor menstrual change researcher big problem	train
vegetarian likely depressed meat eater possible reason	train
cold winter blame nose	train
astrazeneca win back heart drug suffer lung cancer setback	train
estimate say million adult long covid	train
white house bring free home covid test order winter preparedness plan	train
indulge holiday healthy rest time matter	train
new study question effectiveness colonoscopy	train
impossible healthy meatless burger	train
bird birdsong encounter improve mental health study find	train
state ban abortion thousand americans get pill online	train
learn massive survey america mental health crisis cnn politic	train
flu rage release medicine national stockpile	train
covid nasal spray change treat covid	train
fungi lurk inside cancer speed growth	train
hospital versaille near paris cancel operation transfer patient hit cyberattack weekend regional health agency say hospital cancel operation possible walk service consultation run	train
navigate year affordable care act enrollment	train
america pain problem find relief	train
scientist identify molecule help treat parkinson	train
fungus telltale cancer sign possibly screenable blood test israel study	train
clitoris nerve ending expert discovery beginning sexual health	train
new york approve compost human body	train
china covid infection drop time week	train
cdc scientist monkeypox treatment	train
global study cause stroke find high moderate alcohol consumption associate increase odd stroke	train
robert linhart time sick hospital	train
fda officially declare shortage adderall	train
consumer know limit risk counter hearing aid	train
washington state spend million send student disability obscure network private school	train
useful phone screen black white sépia eye damage	train
milwaukee county see rise suicide black community	train
woman reduce risk hip fracture	train
afge endorse bill hire food inspector prevent dangerous line speed	train
ancient disease cholera spread	train
statin supplement new study find vastly superior cut cholesterol	train
billion young people risk hear loss new study show	train
starhub link patient doctor fitbit datum	train
county health official urge day mask wear follow new year eve	train
liver injury associate turmeric grow problem case drug induce liver injury network	train
endgame visionary hospice movement profit hustle half americans die hospice care easy money lack regulation transform crusade provide death dignity industry rife fraud exploitation	train
madrid regional system primary public healthcare struggle cope high number patient unable access treatment observer warn collapse	train
vermont town employee quietly lower fluoride water year	train
authority urge indoor masking major city tripledemic rage	train
oregon hospital overstuff patient ready leave	train
new zealand impose lifetime ban youth buy cigarette new zealand pass law unique plan phase tobacco smoking impose lifetime ban young people buy cigarette	train
doctor private equity staffing practice illegal seek ban	train
poor social contact increase risk heart attack stroke find researcher	train
diet exercise obese mother protect cardiovascular risk infant	val
think like aerosol scientist holiday season stay healthy	val
new kind blood test screen cancer pregnant people learn	val
cholesterol lower drug link low risk bleed stroke	val
record number parent miss work respiratory illness spike kid	val
skyrocket demand adhd med strain health care system	val
india halt production medicine factory link gambia death indian authority stop production factory near delhi cough syrup link death child gambia	val
harvard medical researcher discover surprising protective property pain	val
expert child covid bivalent booster need know	val
scientist debate role virus multiple sclerosis	val
sneaky way cop access datum widely prosecute abortion	val
nitrite cure meat bring clear risk cancer scientist	val
update covid booster available month ignore vast majority	val
cancer weakness discover new method push cancer cell remission	val
cancer kill virus show promise patient	val
miscarriage leave bleed profusely ohio send home wait	val
big covid wave come new omicron strain suggest	val
flu season bad year	val
blockade humanitarian aid tigray put million risk deadly disease	val
unhouse underserved milwaukee see increase homeless resident death	val
china covid tsunami spark dangerous new variant infect world	val
california expect partner nonprofit civica produce low cost insulin source state produce insulin resident expert road map state lifesave medication affordable	val
florida health freedom activist exert influence major hospital	val
million risk lose medicaid spring provision tuck inside trillion federal spending bill	val
nih plan grant review overhaul reduce bias	val
pregnancy relate death datum maternal mortality review committee state	val
nearly half young people listen music loudly safely use headphone	val
million suffer long covid cost year health care expense average	val
coffee lower risk heart problem early death study say especially ground caffeinate	val
meditation work popular drug reduce anxiety study find	val
antibody treatment test new tool malaria	val
global cholera surge likely accelerate climate change warn	val
association lack sexual interest cause mortality japanese general population yamagata prospective observational study	val
pfizer ceo claim price hike covid vaccine free insurance company pay potentially lead high premium	val
transcriptional reprogramming innate immune function pro thrombotic signature monocyte covid	val
opioid crackdown hamper patient access psychiatric drug	val
drug overdose death teenager surge pandemic drive illicit fentanyl	val
permanent daylight saving time hurt health	val
sport reporter grant wahl die aortic aneurysm rupture world cup wife say	val
scientist create vaccine fentanyl	val
gene link bipolar schizophrenia think unrelated	val
number state high rate adult obesity double	val
time change persist despite expert consensus end daylight time	val
anti fentanyl vaccine make progress	val
researcher identify neuron help paralyzed people walk electrical stimulation physical therapy people spinal cord injury regain ability stand step	val
long covid wrong post covid symptom produce brain real	val
court put arizona territorial era abortion ban hold	val
effective government campaign hospital merger	val
nearly healthy infant hospitalize rsv birthday study find	val
daily breath training help lower blood pressure medication	val
coronavirus booster faq cause positive test	val
lyme disease vaccine toss away	val
lesson germany help solve medical debt crisis	val
devastating aftermath hurricane ian florida hard hit area face new threat wave flesh eat bacterial infection crest sewage contaminate floodwater	val
military aim address mental health suicide rise	val
know pedal assist bike scope review inform future direction	val
south dakota vote expand medicaid coverage	val
fda approve class microbiota base live biotherapeutic difficile infection	val
possible role hsv multiple sclerosis	val
report internet funeral home guangzhou long queue day funeral process postpone january	val
death adult excessive drinking study show	val
flavonolignan reduce virulence antibiotic resistant bacterial strain	val
moderna mrna skin cancer vaccine show early promise new study	val
new york clinic help transform reproductive health care	val
release flu medicine national stockpile case increase	val
strep year old die illness link bacterial infection	val
immune reaction severe covid trigger brain problem study find research suggest immune response cause delirium brain fog covid patient	val
relationship alcohol use dementia adult age year abstinence alcohol appear associate increase risk cause dementia	val
permanent daylight saving time sleep expert vote idea terrible body	val
hot air hand dryer actually spread germ remove wash dry hand safely	val
base editing revolutionary therapy clear girl incurable cancer bbc news base editing revolutionary therapy clear girl incurable cancer https	val
dog impact intense flu season	val
flu hospitalization surge southeast hard hit	val
sperm count man worldwide fall accelerated rate halve year large new study say tuesday call action stop decline	val
ohio child infect measles outbreak unvaccinated	val
children hospital biden declare emergency response unprecedented rsv surge	val
reason audiologist hear specialist getting hear aid	val
myth fentanyl persist opioid continue cause overdose death	val
americans plan flu shot season lot mask avoid germ instead	test
fda approve counter nasal spray autoinjector treat opioid overdose	test
anthony fauci long covid insidious public health emergency	test
dietary bioactive guideline recommend consume flavan find tea apple berry day reduce risk cardiovascular disease improve blood pressure	test
inside look canada large pediatric hospital rsv surge cbc news	test
biontech start phase clinical trial prophylactic herpe simplex virus vaccine candidate bnt	test
sperm count decline accelerate worldwide study find	test
major bay area hospital open critical care unit kid die	test
end nationwide federal free lunch program state scramble	test
tigray medical system collapse short wave	test
moderna bank combined covid flu rsv vaccine work cbc news	test
scientist major stride hepatitis vaccine	test
lack sleep increase chance breast cancer specialist	test
long covid mono virus fat cell play role	test
usda issue quarantine designation maui county make emergency loan available hawaiian livestock producer affect bad outbreak bovine tuberculosis year	test
difference healthspan lifespan plus diet factor	test
fda rotten definition healthy food finally getting toss salmon nut eligible healthy label sugary cereal	test
pentagon scrub policy language stigmatize mental health condition	test
american life expectancy continue fall erase health gain quarter century	test
rare deadly genetic disease successfully treat utero time	test
human cell rat brain shed light autism adhd	test
electrical stimulation improve gym workout	test
health benefit wind energy instead fossil fuel quadruple polluting power plant select dial new study find	test
fda approve rapid act oral antidepressant	test
aerobic activity reduce risk metastatic cancer tau researcher find exercise defeat cancer increase glucose consumption	test
inside michigan clinic patient talk abortion loom statewide vote	test
israeli predict heart failure muscle inflammation patient accuracy	test
extremely satisfying scientist insight power new rsv vaccine infant	test
skin skin contact key improve survival premature small baby say tuesday major overhaul policy previously call use incubator	test
trust prenatal test know industry unregulated wild west	test
grow obesity crisis prompt cdc expand body mass index chart severely overweight kid	test
new study show unhealthy food advertising continue disproportionately target consumer color	test
ethiopia tigray run medical supply amid health crisis	test
fda fire approval alzheimer drug aduhelm	test
canadian patient receive groundbreaking treatment disable disorder parathyroid transplant arm	test
tool scan retina predict risk heart disease second	test
long covid contribute death start pandemic cdc say	test
cholera outbreak surge worldwide fatality rate rise official say	test
scientist dupe alkaline water	test
navigate affordable care act enrollment associate press explainer	test
study link utero forever chemical exposure low sperm count mobility	test
million americans diabete ration insulin past year study find	test
chatgpt help doctor detect early sign alzheimer study	test
fda nmn long sell dietary supplement	test
million risk lose health insurance end covid public health emergency january	test
doctor fossil fuel addiction kill starve million	test
medium outlet push fear officer overdose fentanyl exposure doctor add	test
gene guide early social behavior key understand autism	test
mask require place alameda rise covid level	test
president donald trump administration prevent health official provide accurate information covid bid overly optimistic view outbreak accord congressional report release monday	test
tripledemic expose childcare crisis	test
hurricane ian increase flesh eat bacteria infection florida resident	test
trust prenatal test know industry unregulated wild west regulator stay sideline grow industry expand reach leave pregnant patient feeling mislead heartbroken	test
people experience phantom rectum	test
pet dog engage social brain accord neuroimage	test
cdc investigate multistate outbreak noroviru stem raw texas oyster	test
world population reach billion people india expect surpass china populous nation	test
biden administration create tough penalty fail nursing home	test
million people tigray face healthcare crisis big hasten genocide	test
orally active clinically translatable senolytic restore klotho mouse human extend longevity reverse effect aging	test
charlie kirk brand human garbage damar hamlin remark imply game heart attack cause covid vaccine	test
canada delay maid people mental disorder psychiatrist	test
restrict abortion access link increase suicide risk young woman	test
need government grant patent monopoly finance drug development	test
long covid affect woman man national survey find	test
naked freeze water vike swimming trend europe	test
covid surge china reach estimate million case day	test
upgrade covid booster save american life winter	test
pronounce decline meperidine end imminent	test
american life expectancy low nearly decade	test
despite dangerous pregnancy complication abortion deny	test
butt doctor bradley morris reveal use toilet paper	test
eye change colour life apparently spontaneous change mishap illness eye change colour surprising way	test
records million covid case million americans probably	test
partner need sleep divorce consider tip expert	test
cop climate change threaten global health report	test
important number step fast walk irish time	test
study find see immune response inside nose suppress cold temperature make people prone catch cold	test
